"Station.ID","WY","UTMX","UTMY","mean.TSS","mean.Turb","mean.TP"
"FEBIN",1995,493117.524789308,2981935.38135664,6.5,NA,89.5
"FEBIN",1996,493117.524789308,2981935.38135664,2.8,2.38275,58
"FEBIN",1997,493117.524789308,2981935.38135664,7.04545454545455,3.70090909090909,92.3333333333333
"FEBIN",1998,493117.524789308,2981935.38135664,3.75,2.6287,138.1
"FEBIN",1999,493117.524789308,2981935.38135664,11.7727272727273,6.74,167.909090909091
"FEBIN",2000,493117.524789308,2981935.38135664,14.5555555555556,8.79,118
"FEBIN",2001,493117.524789308,2981935.38135664,49.68,30.92,179.8
"FEBIN",2002,493117.524789308,2981935.38135664,3.08571428571429,2.38557142857143,76.8571428571429
"FEBIN",2003,493117.524789308,2981935.38135664,3.79090909090909,2.94,176.6
"FEBIN",2004,493117.524789308,2981935.38135664,4.53333333333333,3.74833333333333,114.75
"FEBIN",2005,493117.524789308,2981935.38135664,14.35,11.85,140.6
"FEBIN",2006,493117.524789308,2981935.38135664,21.0454545454545,21.6272727272727,177.818181818182
"FEBIN",2007,493117.524789308,2981935.38135664,32,21.85,196.5
"FEBIN",2009,493117.524789308,2981935.38135664,2.33333333333333,2.08333333333333,136.5
"FEBIN",2010,493117.524789308,2981935.38135664,3.7,3.27,134.5
"FEBIN",2011,493117.524789308,2981935.38135664,1.85714285714286,2.12857142857143,93.1428571428571
"FEBIN",2012,493117.524789308,2981935.38135664,9.5,4.925,172
"FEBIN",2013,493117.524789308,2981935.38135664,3.125,3.9125,125.125
"FEBIN",2014,493117.524789308,2981935.38135664,3.66666666666667,3.46666666666667,120.5
"FEBIN",2015,493117.524789308,2981935.38135664,3.22727272727273,2.87272727272727,135.363636363636
"FEBIN",2016,493117.524789308,2981935.38135664,4.44444444444444,4,141.444444444444
"FEBIN",2017,493117.524789308,2981935.38135664,4.5,4.85,108.375
"FEBIN",2018,493117.524789308,2981935.38135664,7.8,5.92,212
"FEBIN",2019,493117.524789308,2981935.38135664,7,3.25,145.5
"FEBIN",2020,493117.524789308,2981935.38135664,18.8333333333333,7.5,85
"FEBOUT",1995,499411.084085989,2983311.83645758,7.5,NA,49.5
"FEBOUT",1996,499411.084085989,2983311.83645758,7.8,7.655,54.8
"FEBOUT",1997,499411.084085989,2983311.83645758,15.3,9.65545454545455,64.2222222222222
"FEBOUT",1998,499411.084085989,2983311.83645758,14.4285714285714,5.77833333333333,108.571428571429
"FEBOUT",1999,499411.084085989,2983311.83645758,19.6,14.9066666666667,100.75
"FEBOUT",2000,499411.084085989,2983311.83645758,21.1428571428571,20.386,105.214285714286
"FEBOUT",2001,499411.084085989,2983311.83645758,33.2,26.364,116.75
"FEBOUT",2002,499411.084085989,2983311.83645758,10.5714285714286,7.11,96.7142857142857
"FEBOUT",2003,499411.084085989,2983311.83645758,9.24,6.191,105.4
"FEBOUT",2004,499411.084085989,2983311.83645758,11.4727272727273,7.86090909090909,66.0909090909091
"FEBOUT",2005,499411.084085989,2983311.83645758,27.3333333333333,33.4111111111111,138.555555555556
"FEBOUT",2006,499411.084085989,2983311.83645758,38.1111111111111,46.9111111111111,203.777777777778
"FEBOUT",2007,499411.084085989,2983311.83645758,29,23.8875,173.875
"FEBOUT",2009,499411.084085989,2983311.83645758,14.8333333333333,14.3666666666667,162.833333333333
"FEBOUT",2010,499411.084085989,2983311.83645758,8.11111111111111,6.65555555555556,99.7777777777778
"FEBOUT",2011,499411.084085989,2983311.83645758,11.8571428571429,8.78571428571429,65.1428571428571
"FEBOUT",2012,499411.084085989,2983311.83645758,2.75,2.3,47
"FEBOUT",2013,499411.084085989,2983311.83645758,5.5,6.4125,84
"FEBOUT",2014,499411.084085989,2983311.83645758,3.58333333333333,3.15833333333333,46
"FEBOUT",2015,499411.084085989,2983311.83645758,4.36363636363636,5.10909090909091,85
"FEBOUT",2016,499411.084085989,2983311.83645758,3.88888888888889,3.1,90.2222222222222
"FEBOUT",2017,499411.084085989,2983311.83645758,10.75,8.6625,73
"FEBOUT",2018,499411.084085989,2983311.83645758,12.7,10.7,182
"FEBOUT",2019,499411.084085989,2983311.83645758,15.6666666666667,10.9666666666667,100.666666666667
"FEBOUT",2020,499411.084085989,2983311.83645758,13.8,6.88,58
"KISSR0.0",1988,515260.240707514,3002094.57773536,3,4.375,95
"KISSR0.0",1989,515260.240707514,3002094.57773536,NA,6.1875,79.5
"KISSR0.0",1990,515260.240707514,3002094.57773536,15,7.37,96.65
"KISSR0.0",1991,515260.240707514,3002094.57773536,11.1333333333333,9.14117647058823,136.941176470588
"KISSR0.0",1992,515260.240707514,3002094.57773536,4.52380952380952,4.08095238095238,103.857142857143
"KISSR0.0",1993,515260.240707514,3002094.57773536,3.21875,3.2875,93
"KISSR0.0",1994,515260.240707514,3002094.57773536,9.80769230769231,11.6076923076923,84.9230769230769
"KISSR0.0",1995,515260.240707514,3002094.57773536,4.53333333333333,4.21533333333333,93.1333333333333
"KISSR0.0",1996,515260.240707514,3002094.57773536,9.25,10.043125,98.75
"KISSR0.0",1997,515260.240707514,3002094.57773536,14.0357142857143,12.3085714285714,85.6666666666667
"KISSR0.0",1998,515260.240707514,3002094.57773536,9.32352941176471,7.26529411764706,84.29375
"KISSR0.0",1999,515260.240707514,3002094.57773536,22.8947368421053,18.368,111.85
"KISSR0.0",2000,515260.240707514,3002094.57773536,21.53125,22.190625,160.625
"KISSR0.0",2001,515260.240707514,3002094.57773536,19.32,21.748,93.6666666666667
"KISSR0.0",2002,515260.240707514,3002094.57773536,6.16,6.31214285714286,109.066666666667
"KISSR0.0",2003,515260.240707514,3002094.57773536,5,4.42666666666667,79.9444444444444
"KISSR0.0",2004,515260.240707514,3002094.57773536,5.01818181818182,5.67090909090909,87.5454545454545
"KISSR0.0",2005,515260.240707514,3002094.57773536,23.9090909090909,33.8,134.545454545455
"KISSR0.0",2006,515260.240707514,3002094.57773536,25.0769230769231,29.4307692307692,147.538461538462
"KISSR0.0",2007,515260.240707514,3002094.57773536,46.5833333333333,45.625,172.75
"KISSR0.0",2008,515260.240707514,3002094.57773536,6.11111111111111,7.32222222222222,122.555555555556
"KISSR0.0",2009,515260.240707514,3002094.57773536,16.9583333333333,10.525,123.083333333333
"KISSR0.0",2010,515260.240707514,3002094.57773536,6.54545454545455,6.8,84
"KISSR0.0",2011,515260.240707514,3002094.57773536,10.0454545454545,8.27272727272727,79.1818181818182
"KISSR0.0",2012,515260.240707514,3002094.57773536,7.08333333333333,6.40833333333333,84.4166666666667
"KISSR0.0",2013,515260.240707514,3002094.57773536,3.79166666666667,4.34545454545455,96.4166666666667
"KISSR0.0",2014,515260.240707514,3002094.57773536,4.45833333333333,6.19166666666667,90.8333333333333
"KISSR0.0",2015,515260.240707514,3002094.57773536,6.08333333333333,5.775,80.8333333333333
"KISSR0.0",2016,515260.240707514,3002094.57773536,6.54166666666667,5.84,95.75
"KISSR0.0",2017,515260.240707514,3002094.57773536,11.1666666666667,9.59090909090909,94.1666666666667
"KISSR0.0",2018,515260.240707514,3002094.57773536,13,15.7181818181818,172.333333333333
"KISSR0.0",2019,515260.240707514,3002094.57773536,12.5833333333333,8.99090909090909,115.833333333333
"KISSR0.0",2020,515260.240707514,3002094.57773536,11,6.75,91.5384615384615
"L001",1988,520473.176711178,3001835.21686899,9.30769230769231,23.209375,101.796875
"L001",1989,520473.176711178,3001835.21686899,12.6842105263158,13.0065217391304,82.695652173913
"L001",1990,520473.176711178,3001835.21686899,14.7,14.6333333333333,79.2777777777778
"L001",1991,520473.176711178,3001835.21686899,17.8888888888889,19.5333333333333,96.4722222222222
"L001",1992,520473.176711178,3001835.21686899,13.2666666666667,15.44,82.2
"L001",1993,520473.176711178,3001835.21686899,8.72222222222222,8.66111111111111,64.9722222222222
"L001",1994,520473.176711178,3001835.21686899,19.8666666666667,22.4266666666667,86.1333333333333
"L001",1995,520473.176711178,3001835.21686899,10.968253968254,11.1087719298246,69.0254182754183
"L001",1996,520473.176711178,3001835.21686899,9.91176470588235,13.8866666666667,84.4151404151404
"L001",1997,520473.176711178,3001835.21686899,20.8,24.8857142857143,107.692307692308
"L001",1998,520473.176711178,3001835.21686899,12.0882352941176,13.1711764705882,89.5
"L001",1999,520473.176711178,3001835.21686899,16.4736842105263,18.43,98.8947368421053
"L001",2000,520473.176711178,3001835.21686899,26.5,31.05,123.8125
"L001",2001,520473.176711178,3001835.21686899,36.0571428571429,41.35,128.214285714286
"L001",2002,520473.176711178,3001835.21686899,20.2666666666667,24.06,109.866666666667
"L001",2003,520473.176711178,3001835.21686899,18.8111111111111,17.8766666666667,113.611111111111
"L001",2004,520473.176711178,3001835.21686899,12.8090909090909,17.54,105.545454545455
"L001",2005,520473.176711178,3001835.21686899,69.1,82.12,224.3
"L001",2006,520473.176711178,3001835.21686899,53,64.6076923076923,202.461538461538
"L001",2007,520473.176711178,3001835.21686899,53.0833333333333,65.7166666666667,202.5
"L001",2008,520473.176711178,3001835.21686899,70.8,78.35,212.9
"L001",2009,520473.176711178,3001835.21686899,43.4166666666667,51.475,160.25
"L001",2010,520473.176711178,3001835.21686899,26.3636363636364,26.9181818181818,117.818181818182
"L001",2011,520473.176711178,3001835.21686899,25.5454545454545,23.5363636363636,103.454545454545
"L001",2012,520473.176711178,3001835.21686899,25,26.05,109.333333333333
"L001",2013,520473.176711178,3001835.21686899,24.1666666666667,23.0083333333333,122
"L001",2014,520473.176711178,3001835.21686899,17,22.675,123.333333333333
"L001",2015,520473.176711178,3001835.21686899,17.3333333333333,18.3416666666667,118.416666666667
"L001",2016,520473.176711178,3001835.21686899,16.0833333333333,17.025,108.833333333333
"L001",2017,520473.176711178,3001835.21686899,33.6666666666667,35.0083333333333,140.916666666667
"L001",2018,520473.176711178,3001835.21686899,35.8333333333333,51.5363636363636,195.25
"L001",2019,520473.176711178,3001835.21686899,28.8333333333333,33.3333333333333,151.416666666667
"L001",2020,520473.176711178,3001835.21686899,32.3076923076923,29.6769230769231,140.153846153846
"L002",1988,520399.115745188,2995621.58296567,10.7272727272727,26.4230769230769,108.923076923077
"L002",1989,520399.115745188,2995621.58296567,15.2105263157895,19.4904761904762,89.0476190476191
"L002",1990,520399.115745188,2995621.58296567,20.6,21.6555555555556,85.5
"L002",1991,520399.115745188,2995621.58296567,18.8947368421053,20.9684210526316,81.7894736842105
"L002",1992,520399.115745188,2995621.58296567,13.1764705882353,16.2,75.2352941176471
"L002",1993,520399.115745188,2995621.58296567,11.5964912280702,13.4421052631579,154.200677910053
"L002",1994,520399.115745188,2995621.58296567,24.8407407407407,26.9313333333333,257.46449854942
"L002",1995,520399.115745188,2995621.58296567,12.75,13.0300595238095,67.6358024691358
"L002",1996,520399.115745188,2995621.58296567,11.3125,17.008125,86.8666666666667
"L002",1997,520399.115745188,2995621.58296567,18.7333333333333,21.7353333333333,85.3846153846154
"L002",1998,520399.115745188,2995621.58296567,14.6111111111111,19.8716666666667,91.0764705882353
"L002",1999,520399.115745188,2995621.58296567,17.5789473684211,22.2573684210526,100.052631578947
"L002",2000,520399.115745188,2995621.58296567,24.9375,29.55625,113.6875
"L002",2001,520399.115745188,2995621.58296567,28.6928571428571,32.9342857142857,111
"L002",2002,520399.115745188,2995621.58296567,20.96,23.2393333333333,97.0666666666667
"L002",2003,520399.115745188,2995621.58296567,16.76,15.952,89.4666666666667
"L002",2004,520399.115745188,2995621.58296567,12.7272727272727,15.8290909090909,93
"L002",2005,520399.115745188,2995621.58296567,69.6363636363636,77.5272727272727,215.363636363636
"L002",2006,520399.115745188,2995621.58296567,58.4166666666667,78.7416666666667,214.583333333333
"L002",2007,520399.115745188,2995621.58296567,43.25,59.125,181.166666666667
"L002",2008,520399.115745188,2995621.58296567,81.75,84.6125,214.125
"L002",2009,520399.115745188,2995621.58296567,46.8333333333333,49.425,159.166666666667
"L002",2010,520399.115745188,2995621.58296567,21.4,22.86,103.1
"L002",2011,520399.115745188,2995621.58296567,22.1818181818182,26.4181818181818,98.0909090909091
"L002",2012,520399.115745188,2995621.58296567,29.3333333333333,29.7,105
"L002",2013,520399.115745188,2995621.58296567,16.8,16.54,86
"L003",1988,528962.088188196,2991495.9135295,16.6363636363636,40.0923076923077,135.923076923077
"L003",1989,528962.088188196,2991495.9135295,13.1578947368421,21.81,96.5
"L003",1990,528962.088188196,2991495.9135295,31.25,39.2105263157895,117.447368421053
"L003",1991,528962.088188196,2991495.9135295,34.4166666666667,37.2611111111111,112.759259259259
"L003",1992,528962.088188196,2991495.9135295,17.21875,22.3125,90
"L003",1993,528962.088188196,2991495.9135295,14.7222222222222,20.0722222222222,86.3333333333333
"L003",1994,528962.088188196,2991495.9135295,34.5277777777778,37.4555555555556,114.444444444444
"L003",1995,528962.088188196,2991495.9135295,18.9333333333333,23.8133333333333,94.1333333333333
"L003",1996,528962.088188196,2991495.9135295,20.0666666666667,29.5586666666667,113.733333333333
"L003",1997,528962.088188196,2991495.9135295,37.3333333333333,39.2846666666667,131.5
"L003",1998,528962.088188196,2991495.9135295,23.8235294117647,27.4082352941176,113.39375
"L003",1999,528962.088188196,2991495.9135295,23.4210526315789,25.59,115.842105263158
"L003",2000,528962.088188196,2991495.9135295,32.625,41.709375,133.1875
"L003",2001,528962.088188196,2991495.9135295,48.4733333333333,58.9133333333333,155.133333333333
"L003",2002,528962.088188196,2991495.9135295,29.6857142857143,36.8428571428571,128.357142857143
"L003",2003,528962.088188196,2991495.9135295,36.9611111111111,35.6666666666667,141.722222222222
"L003",2004,528962.088188196,2991495.9135295,20.35,23.7691666666667,115
"L003",2005,528962.088188196,2991495.9135295,82.4545454545455,103.718181818182,237.727272727273
"L003",2006,528962.088188196,2991495.9135295,62.1538461538462,79.8230769230769,223.153846153846
"L003",2007,528962.088188196,2991495.9135295,55.75,73.9666666666667,204.75
"L003",2008,528962.088188196,2991495.9135295,68.9090909090909,85.5,211.545454545455
"L003",2009,528962.088188196,2991495.9135295,51.4545454545455,62.0181818181818,174.545454545455
"L003",2010,528962.088188196,2991495.9135295,33.7272727272727,38.8454545454545,144.272727272727
"L003",2011,528962.088188196,2991495.9135295,36.6363636363636,38.8181818181818,130.545454545455
"L003",2012,528962.088188196,2991495.9135295,24,30.7583333333333,111.5
"L003",2013,528962.088188196,2991495.9135295,29,32.66,108.4
"L004",1988,528819.926979648,2983996.12615216,19.1818181818182,46.3538461538462,143
"L004",1989,528819.926979648,2983996.12615216,15.6315789473684,27.725,102.95
"L004",1990,528819.926979648,2983996.12615216,36.5625,43.1368421052632,122.842105263158
"L004",1991,528819.926979648,2983996.12615216,28.7631578947368,40.5605263157895,121.473684210526
"L004",1992,528819.926979648,2983996.12615216,13.8235294117647,19.8588235294118,89.5882352941177
"L004",1993,528819.926979648,2983996.12615216,18,23.74,93.1333333333333
"L004",1994,528819.926979648,2983996.12615216,34.6666666666667,41.6055555555556,117.888888888889
"L004",1995,528819.926979648,2983996.12615216,17.6,22.7066666666667,98.6666666666667
"L004",1996,528819.926979648,2983996.12615216,25.6,37.6986666666667,126.714285714286
"L004",1997,528819.926979648,2983996.12615216,38.2,41.4466666666667,132.071428571429
"L004",1998,528819.926979648,2983996.12615216,26.3529411764706,29.5117647058824,126.75
"L004",1999,528819.926979648,2983996.12615216,23.8947368421053,29.7578947368421,116.947368421053
"L004",2000,528819.926979648,2983996.12615216,34.3125,42.46875,138
"L004",2001,528819.926979648,2983996.12615216,40.03,56.2533333333333,149.8
"L004",2002,528819.926979648,2983996.12615216,25.9428571428571,36.8142857142857,122.142857142857
"L004",2003,528819.926979648,2983996.12615216,34.9777777777778,37.1455555555556,148.833333333333
"L004",2004,528819.926979648,2983996.12615216,21.8545454545455,28.6833333333333,123.166666666667
"L004",2005,528819.926979648,2983996.12615216,113,126.988888888889,278.444444444444
"L004",2006,528819.926979648,2983996.12615216,62.5384615384615,86.7230769230769,231.307692307692
"L004",2007,528819.926979648,2983996.12615216,47.4166666666667,66.8166666666667,190.666666666667
"L004",2008,528819.926979648,2983996.12615216,62,87.0888888888889,206.777777777778
"L004",2009,528819.926979648,2983996.12615216,48.75,57.95,173.333333333333
"L004",2010,528819.926979648,2983996.12615216,32.4545454545455,39.1545454545455,140.272727272727
"L004",2011,528819.926979648,2983996.12615216,38.6363636363636,43.1909090909091,134.818181818182
"L004",2012,528819.926979648,2983996.12615216,19.5,29.725,106.916666666667
"L004",2013,528819.926979648,2983996.12615216,40.5,48.425,151.916666666667
"L004",2014,528819.926979648,2983996.12615216,19.9166666666667,41.3666666666667,138.833333333333
"L004",2015,528819.926979648,2983996.12615216,29.75,46.175,153.416666666667
"L004",2016,528819.926979648,2983996.12615216,32.5833333333333,45.6166666666667,148.833333333333
"L004",2017,528819.926979648,2983996.12615216,34.4166666666667,48.4,154.583333333333
"L004",2018,528819.926979648,2983996.12615216,48.1666666666667,76.4818181818182,204.916666666667
"L004",2019,528819.926979648,2983996.12615216,23.5,40.6583333333333,159.416666666667
"L004",2020,528819.926979648,2983996.12615216,45.4615384615385,59.2230769230769,178.923076923077
"L005",1988,502741.140569924,2981642.49758012,8.09090909090909,15.3952380952381,88.6153846153846
"L005",1989,502741.140569924,2981642.49758012,11.5789473684211,12.085,66.15
"L005",1990,502741.140569924,2981642.49758012,12.4,10.4,49.1666666666667
"L005",1991,502741.140569924,2981642.49758012,10.0555555555556,9,63.0952380952381
"L005",1992,502741.140569924,2981642.49758012,8.96875,9.225,53.75
"L005",1993,502741.140569924,2981642.49758012,12.7631578947368,12.0210526315789,123.50337985769
"L005",1994,502741.140569924,2981642.49758012,16.0265151515152,18.5585069444444,289.123139521509
"L005",1995,502741.140569924,2981642.49758012,12.5166666666667,10.3478494623656,66.9410507792861
"L005",1996,502741.140569924,2981642.49758012,12.75,18.799375,76.9902452619844
"L005",1997,502741.140569924,2981642.49758012,18.0666666666667,15.064,63.5384615384615
"L005",1998,502741.140569924,2981642.49758012,15.3529411764706,16.7147058823529,83.4875
"L005",1999,502741.140569924,2981642.49758012,17.8888888888889,17.8577777777778,86.2222222222222
"L005",2000,502741.140569924,2981642.49758012,20.71875,27.955625,108.875
"L005",2001,502741.140569924,2981642.49758012,18.2761928571429,16.4435714285714,68.7142857142857
"L005",2002,502741.140569924,2981642.49758012,8.61333333333333,8.01066666666667,86.7333333333333
"L005",2003,502741.140569924,2981642.49758012,13.4944444444444,13.62,82.8888888888889
"L005",2004,502741.140569924,2981642.49758012,17.2333333333333,15.4675,88.1666666666667
"L005",2005,502741.140569924,2981642.49758012,64.8181818181818,73.3181818181818,192.636363636364
"L005",2006,502741.140569924,2981642.49758012,39.8461538461538,58.6307692307692,203.583333333333
"L005",2007,502741.140569924,2981642.49758012,31.9166666666667,33.775,159.666666666667
"L005",2008,502741.140569924,2981642.49758012,35.7,33.88,119.6
"L005",2009,502741.140569924,2981642.49758012,28,33.6166666666667,142.583333333333
"L005",2010,502741.140569924,2981642.49758012,13.8636363636364,13.5111111111111,73.2727272727273
"L005",2011,502741.140569924,2981642.49758012,21.5833333333333,19.9333333333333,76.0833333333333
"L005",2012,502741.140569924,2981642.49758012,11.2083333333333,9.65,52.6666666666667
"L005",2013,502741.140569924,2981642.49758012,11.5416666666667,13.6166666666667,80.5
"L005",2014,502741.140569924,2981642.49758012,12.4166666666667,12.625,83.0833333333333
"L005",2015,502741.140569924,2981642.49758012,18.0833333333333,18.375,87.6666666666667
"L005",2016,502741.140569924,2981642.49758012,13.125,12.675,78.5833333333333
"L005",2017,502741.140569924,2981642.49758012,18.4166666666667,19.275,99.1666666666667
"L005",2018,502741.140569924,2981642.49758012,21.2083333333333,29.1833333333333,166.75
"L005",2019,502741.140569924,2981642.49758012,17.0833333333333,15.9583333333333,107.75
"L005",2020,502741.140569924,2981642.49758012,16.5384615384615,12.7,75.9230769230769
"L006",1988,521579.962094501,2966800.1107747,13.3636363636364,36.3923076923077,123.307692307692
"L006",1989,521579.962094501,2966800.1107747,10.8947368421053,24.805,105.35
"L006",1990,521579.962094501,2966800.1107747,31.625,39.2736842105263,121.526315789474
"L006",1991,521579.962094501,2966800.1107747,23.9444444444444,27.1722222222222,90.2631578947368
"L006",1992,521579.962094501,2966800.1107747,22.9117647058824,18.7235294117647,85.8235294117647
"L006",1993,521579.962094501,2966800.1107747,15.8235294117647,24.0117647058824,86.8823529411765
"L006",1994,521579.962094501,2966800.1107747,32.1018518518519,41.9366666666667,144.810290207225
"L006",1995,521579.962094501,2966800.1107747,14.5925925925926,19.8699074074074,120.338496932515
"L006",1996,521579.962094501,2966800.1107747,19.0588235294118,31.9176470588235,117.647058823529
"L006",1997,521579.962094501,2966800.1107747,19,25.978125,103.5625
"L006",1998,521579.962094501,2966800.1107747,29,43.2647058823529,148.1875
"L006",1999,521579.962094501,2966800.1107747,19.7777777777778,29.4177777777778,116.944444444444
"L006",2000,521579.962094501,2966800.1107747,25.0666666666667,43.1514285714286,139.133333333333
"L006",2001,521579.962094501,2966800.1107747,25.7666666666667,32.4393333333333,112.933333333333
"L006",2002,521579.962094501,2966800.1107747,16.4266666666667,24.86,106.6
"L006",2003,521579.962094501,2966800.1107747,32.15,39.6105555555556,151.666666666667
"L006",2004,521579.962094501,2966800.1107747,26.05,34.9166666666667,140.166666666667
"L006",2005,521579.962094501,2966800.1107747,95.8181818181818,116.336363636364,264.818181818182
"L006",2006,521579.962094501,2966800.1107747,45.6153846153846,72.5307692307692,200.153846153846
"L006",2007,521579.962094501,2966800.1107747,42.9166666666667,55.5,176.75
"L006",2008,521579.962094501,2966800.1107747,55.1363636363636,59.9909090909091,166.363636363636
"L006",2009,521579.962094501,2966800.1107747,41.1666666666667,57.15,163.666666666667
"L006",2010,521579.962094501,2966800.1107747,22.5,28.05,126.727272727273
"L006",2011,521579.962094501,2966800.1107747,24.8333333333333,30.25,116.083333333333
"L006",2012,521579.962094501,2966800.1107747,13.125,19.8916666666667,86.5833333333333
"L006",2013,521579.962094501,2966800.1107747,15.8333333333333,28.8,117.166666666667
"L006",2014,521579.962094501,2966800.1107747,22.75,32.5583333333333,132.833333333333
"L006",2015,521579.962094501,2966800.1107747,24.6666666666667,39.9333333333333,137.583333333333
"L006",2016,521579.962094501,2966800.1107747,28.0833333333333,39.4083333333333,134.916666666667
"L006",2017,521579.962094501,2966800.1107747,30.1666666666667,49.1818181818182,160.916666666667
"L006",2018,521579.962094501,2966800.1107747,48.4166666666667,80.9083333333333,211.916666666667
"L006",2019,521579.962094501,2966800.1107747,50.6363636363636,66.0272727272727,199.090909090909
"L006",2020,521579.962094501,2966800.1107747,24.4166666666667,40.3666666666667,141.416666666667
"L007",1988,521439.430488099,2960978.80337257,7.40909090909091,18.7153846153846,90.2307692307692
"L007",1989,521439.430488099,2960978.80337257,7.92105263157895,15.545,91.4
"L007",1990,521439.430488099,2960978.80337257,18.1875,21.975,89.1315789473684
"L007",1991,521439.430488099,2960978.80337257,15.0526315789474,16.7421052631579,88.8421052631579
"L007",1992,521439.430488099,2960978.80337257,7.97222222222222,10.1166666666667,63.1111111111111
"L007",1993,521439.430488099,2960978.80337257,11.5,14.55,68.1111111111111
"L007",1994,521439.430488099,2960978.80337257,22.1842105263158,28.3789473684211,96
"L007",1995,521439.430488099,2960978.80337257,12.7368421052632,15.7529411764706,79.6842105263158
"L007",1996,521439.430488099,2960978.80337257,14.0526315789474,25.4117647058824,98
"L007",1997,521439.430488099,2960978.80337257,16.0625,19.621875,88.75
"L007",1998,521439.430488099,2960978.80337257,13.2666666666667,20.1366666666667,103.742857142857
"L007",1999,521439.430488099,2960978.80337257,13.9473684210526,19.5115789473684,93.5263157894737
"L007",2000,521439.430488099,2960978.80337257,21.1875,30.7466666666667,121.0625
"L007",2001,521439.430488099,2960978.80337257,17.075,16.585,80.25
"L007",2002,521439.430488099,2960978.80337257,13.025,19.3125,103.75
"L007",2003,521439.430488099,2960978.80337257,15.0166666666667,20.9288888888889,115.666666666667
"L007",2004,521439.430488099,2960978.80337257,18.7909090909091,22.6536363636364,116.909090909091
"L007",2005,521439.430488099,2960978.80337257,74.8181818181818,79.6,200.4
"L007",2006,521439.430488099,2960978.80337257,45.6153846153846,67.0461538461538,202.5
"L007",2007,521439.430488099,2960978.80337257,21.9583333333333,30.4083333333333,127.083333333333
"L007",2008,521439.430488099,2960978.80337257,14.3333333333333,14.1333333333333,64
"L007",2009,521439.430488099,2960978.80337257,24.3125,33.525,144.125
"L007",2010,521439.430488099,2960978.80337257,22.8,13.9555555555556,109.2
"L007",2011,521439.430488099,2960978.80337257,24.0909090909091,26.6,115.363636363636
"L007",2012,521439.430488099,2960978.80337257,7.18181818181818,10.8272727272727,65.9090909090909
"L007",2013,521439.430488099,2960978.80337257,9.25,17.025,98.1666666666667
"L007",2014,521439.430488099,2960978.80337257,17.3846153846154,21.1,110.769230769231
"L007",2015,521439.430488099,2960978.80337257,14.3333333333333,20.6333333333333,114
"L007",2016,521439.430488099,2960978.80337257,13.25,20.5333333333333,98.5833333333333
"L007",2017,521439.430488099,2960978.80337257,19.75,28.7166666666667,126.833333333333
"L007",2018,521439.430488099,2960978.80337257,31.875,57.075,186.416666666667
"L007",2019,521439.430488099,2960978.80337257,25.75,29.8333333333333,145.833333333333
"L007",2020,521439.430488099,2960978.80337257,14.4583333333333,22.4416666666667,110.25
"L008",1988,510750.117058978,2981689.10764391,17.3636363636364,43.5615384615385,131.846153846154
"L008",1989,510750.117058978,2981689.10764391,17.5263157894737,24.17,90.3
"L008",1990,510750.117058978,2981689.10764391,30.2,40.6388888888889,96.7777777777778
"L008",1991,510750.117058978,2981689.10764391,27.3888888888889,31.2277777777778,99.7777777777778
"L008",1992,510750.117058978,2981689.10764391,18.5333333333333,21.1466666666667,90.2666666666667
"L008",1993,510750.117058978,2981689.10764391,16.6,21.3533333333333,75.5333333333333
"L008",1994,510750.117058978,2981689.10764391,31.125,37.76875,111.1875
"L008",1995,510750.117058978,2981689.10764391,21.8823529411765,25.5466666666667,101.470588235294
"L008",1996,510750.117058978,2981689.10764391,27.1666666666667,38.964375,121.705882352941
"L008",1997,510750.117058978,2981689.10764391,31.2,35.2866666666667,112.153846153846
"L008",1998,510750.117058978,2981689.10764391,33.2941176470588,42.3517647058824,135.975
"L008",1999,510750.117058978,2981689.10764391,28.6666666666667,35.9888888888889,121.222222222222
"L008",2000,510750.117058978,2981689.10764391,39.4375,46.5175,139.25
"L008",2001,510750.117058978,2981689.10764391,38.825,48.5335714285714,138.285714285714
"L008",2002,510750.117058978,2981689.10764391,29.98,31.5266666666667,122.533333333333
"L008",2003,510750.117058978,2981689.10764391,32.2388888888889,36.4111111111111,138.611111111111
"L008",2004,510750.117058978,2981689.10764391,24.6083333333333,29.3775,120
"L008",2005,510750.117058978,2981689.10764391,100.272727272727,107.354545454545,262.909090909091
"L008",2006,510750.117058978,2981689.10764391,69.8333333333333,86.125,235.916666666667
"L008",2007,510750.117058978,2981689.10764391,44.25,63.7916666666667,190.166666666667
"L008",2008,510750.117058978,2981689.10764391,87.1,101.56,223.1
"L008",2009,510750.117058978,2981689.10764391,59.75,66.1916666666667,175.083333333333
"L008",2010,510750.117058978,2981689.10764391,29.2727272727273,33.7181818181818,126
"L008",2011,510750.117058978,2981689.10764391,33.4545454545455,42.6272727272727,127.545454545455
"L008",2012,510750.117058978,2981689.10764391,24.5833333333333,28.4,97.1666666666667
"L008",2013,510750.117058978,2981689.10764391,38.1818181818182,51.9272727272727,147.818181818182
"L008",2014,510750.117058978,2981689.10764391,21.75,32.2916666666667,122.916666666667
"L008",2015,510750.117058978,2981689.10764391,40.25,49.0666666666667,148.083333333333
"L008",2016,510750.117058978,2981689.10764391,33.4166666666667,42.15,136.416666666667
"L008",2017,510750.117058978,2981689.10764391,38.9166666666667,49.65,152.583333333333
"L008",2018,510750.117058978,2981689.10764391,59.6666666666667,75.8583333333333,210.333333333333
"L008",2019,510750.117058978,2981689.10764391,28.9166666666667,37.2166666666667,149.75
"L008",2020,510750.117058978,2981689.10764391,42.3076923076923,47.6153846153846,153.384615384615
"LZ2",1988,517032.617575085,3007463.86341135,8,10.4793103448276,96.35
"LZ2",1989,517032.617575085,3007463.86341135,NA,9.40869565217391,81.8260869565217
"LZ2",1990,517032.617575085,3007463.86341135,10,11.08,91
"LZ2",1991,517032.617575085,3007463.86341135,7.84615384615385,8.37647058823529,97
"LZ2",1992,517032.617575085,3007463.86341135,8.4,6.475,74.75
"LZ2",1993,517032.617575085,3007463.86341135,6.54545454545455,6.2,68.1818181818182
"LZ2",1994,517032.617575085,3007463.86341135,8,8.41818181818182,61.3636363636364
"LZ2",1995,517032.617575085,3007463.86341135,8.28571428571429,8.3,76.2142857142857
"LZ2",1996,517032.617575085,3007463.86341135,8.875,9.65125,97.3125
"LZ2",1997,517032.617575085,3007463.86341135,13.2666666666667,11.328,76.0769230769231
"LZ2",1998,517032.617575085,3007463.86341135,9.5,7.04588235294118,84.775
"LZ2",1999,517032.617575085,3007463.86341135,13.4444444444444,10.6016666666667,85.7777777777778
"LZ2",2000,517032.617575085,3007463.86341135,18.8125,19.28625,122.125
"LZ2",2001,517032.617575085,3007463.86341135,22.8666666666667,25.85,106.5
"LZ2",2002,517032.617575085,3007463.86341135,11.5533333333333,11.5906666666667,122.133333333333
"LZ2",2003,517032.617575085,3007463.86341135,7,6.12388888888889,85.1111111111111
"LZ2",2004,517032.617575085,3007463.86341135,4.15,6.15636363636364,97.4545454545455
"LZ2",2005,517032.617575085,3007463.86341135,44.2727272727273,48.7,177.545454545455
"LZ2",2006,517032.617575085,3007463.86341135,36.1538461538462,43.4153846153846,185.076923076923
"LZ2",2007,517032.617575085,3007463.86341135,39.6363636363636,39.1636363636364,167
"LZ2",2009,517032.617575085,3007463.86341135,18.5625,20.375,134.5
"LZ2",2010,517032.617575085,3007463.86341135,9.31818181818182,9.2,86
"LZ2",2011,517032.617575085,3007463.86341135,8.59090909090909,7.76363636363636,77.9090909090909
"LZ2",2012,517032.617575085,3007463.86341135,14.75,11.5333333333333,85.9166666666667
"LZ2",2013,517032.617575085,3007463.86341135,9.83333333333333,9.45454545454546,103.25
"LZ2",2014,517032.617575085,3007463.86341135,8.95833333333333,9.625,104.833333333333
"LZ2",2015,517032.617575085,3007463.86341135,8.91666666666667,8.86666666666667,104.083333333333
"LZ2",2016,517032.617575085,3007463.86341135,10.6666666666667,10.7272727272727,97.9166666666667
"LZ2",2017,517032.617575085,3007463.86341135,15.3333333333333,13.6083333333333,122.5
"LZ2",2018,517032.617575085,3007463.86341135,25.0909090909091,34.5,223.181818181818
"LZ2",2019,517032.617575085,3007463.86341135,17.1666666666667,15.55,118.416666666667
"LZ2",2020,517032.617575085,3007463.86341135,18.3076923076923,16.2461538461538,103.461538461538
"LZ25",1988,524397.868554951,2957722.85155638,0.5,8.11071428571429,63.6315789473684
"LZ25",1989,524397.868554951,2957722.85155638,13.1875,11.825,77.5
"LZ25",1990,524397.868554951,2957722.85155638,15.6785714285714,11.5444444444444,54.4705882352941
"LZ25",1991,524397.868554951,2957722.85155638,23,11.29,80.7
"LZ25",1992,524397.868554951,2957722.85155638,6.59375,6.46875,49.1875
"LZ25",1993,524397.868554951,2957722.85155638,12.3888888888889,12.6055555555556,64.8888888888889
"LZ25",1994,524397.868554951,2957722.85155638,23.3055555555556,24.5388888888889,86.1578947368421
"LZ25",1995,524397.868554951,2957722.85155638,10,9.33529411764706,64.8947368421053
"LZ25",1996,524397.868554951,2957722.85155638,17,19.7823529411765,96.4705882352941
"LZ25",1997,524397.868554951,2957722.85155638,19.9375,17.415625,91.9333333333333
"LZ25",1998,524397.868554951,2957722.85155638,9.35294117647059,13.4511764705882,90.3333333333333
"LZ25",1999,524397.868554951,2957722.85155638,10.1388888888889,12.3494444444444,77.7222222222222
"LZ25",2000,524397.868554951,2957722.85155638,13.6875,22.4066666666667,100.9375
"LZ25",2001,524397.868554951,2957722.85155638,36.6285714285714,22.33,104.142857142857
"LZ25",2002,524397.868554951,2957722.85155638,14.15,11.61125,98.5
"LZ25",2003,524397.868554951,2957722.85155638,12.7,12.214375,84.5
"LZ25",2004,524397.868554951,2957722.85155638,14.04,14.175,85.8
"LZ25",2005,524397.868554951,2957722.85155638,49,59.5,180.363636363636
"LZ25",2006,524397.868554951,2957722.85155638,43.5833333333333,57.9083333333333,198.166666666667
"LZ25",2007,524397.868554951,2957722.85155638,17.05,24.57,119.6
"LZ25",2008,524397.868554951,2957722.85155638,1.5,1.1,18
"LZ25A",2009,522954.013327048,2958150.90060778,21.6666666666667,24.6333333333333,134
"LZ25A",2010,522954.013327048,2958150.90060778,13,12.8181818181818,67.0909090909091
"LZ25A",2011,522954.013327048,2958150.90060778,15.3181818181818,15.8272727272727,84.4545454545455
"LZ25A",2012,522954.013327048,2958150.90060778,5.83333333333333,7.28333333333333,45
"LZ25A",2013,522954.013327048,2958150.90060778,9.83333333333333,11.2333333333333,74.25
"LZ25A",2014,522954.013327048,2958150.90060778,12.8846153846154,13.6692307692308,87.7692307692308
"LZ25A",2015,522954.013327048,2958150.90060778,10.8333333333333,15.8916666666667,99
"LZ25A",2016,522954.013327048,2958150.90060778,11.4166666666667,17.3916666666667,94.1666666666667
"LZ25A",2017,522954.013327048,2958150.90060778,18.75,25.7,121.916666666667
"LZ25A",2018,522954.013327048,2958150.90060778,32.3636363636364,58.26,182.363636363636
"LZ25A",2019,522954.013327048,2958150.90060778,23.75,28.225,142.166666666667
"LZ25A",2020,522954.013327048,2958150.90060778,12.7083333333333,18.2416666666667,98.5
"LZ30",1988,513905.840445047,2963955.39875457,3,14.8178571428571,83.3684210526316
"LZ30",1989,513905.840445047,2963955.39875457,NA,17.4409090909091,89.4545454545455
"LZ30",1990,513905.840445047,2963955.39875457,20.8666666666667,20.7526315789474,77.4210526315789
"LZ30",1991,513905.840445047,2963955.39875457,15.8421052631579,19.05,66.7368421052632
"LZ30",1992,513905.840445047,2963955.39875457,10,11.4,66.7647058823529
"LZ30",1993,513905.840445047,2963955.39875457,11,13.6333333333333,63.7222222222222
"LZ30",1994,513905.840445047,2963955.39875457,23.8928571428571,27.4071428571429,92.2142857142857
"LZ30",1995,513905.840445047,2963955.39875457,9.5,11.7352941176471,68.3529411764706
"LZ30",1996,513905.840445047,2963955.39875457,16.6470588235294,26.7470588235294,109.470588235294
"LZ30",1997,513905.840445047,2963955.39875457,14.8125,18.074375,81.125
"LZ30",1998,513905.840445047,2963955.39875457,14.625,18.851875,93.8266666666667
"LZ30",1999,513905.840445047,2963955.39875457,13.1315789473684,18.5042105263158,87.3157894736842
"LZ30",2000,513905.840445047,2963955.39875457,22.29166875,33.0466666666667,118.4375
"LZ30",2001,513905.840445047,2963955.39875457,19.4733333333333,23.9713333333333,89.5333333333333
"LZ30",2002,513905.840445047,2963955.39875457,12.4,17.3946666666667,89.7333333333333
"LZ30",2003,513905.840445047,2963955.39875457,19.1411764705882,22.5194117647059,117.117647058824
"LZ30",2004,513905.840445047,2963955.39875457,17.65,22.5633333333333,113.083333333333
"LZ30",2005,513905.840445047,2963955.39875457,88.9545454545455,86.0727272727273,228.909090909091
"LZ30",2006,513905.840445047,2963955.39875457,53.0769230769231,73.2769230769231,211.461538461538
"LZ30",2007,513905.840445047,2963955.39875457,26.0416666666667,33.5416666666667,140.583333333333
"LZ30",2008,513905.840445047,2963955.39875457,31.3333333333333,32.7666666666667,103.888888888889
"LZ30",2009,513905.840445047,2963955.39875457,32.25,37.6083333333333,137.916666666667
"LZ30",2010,513905.840445047,2963955.39875457,22.9090909090909,22.03,105.363636363636
"LZ30",2011,513905.840445047,2963955.39875457,21.5,26.45,107.916666666667
"LZ30",2012,513905.840445047,2963955.39875457,10,12.2083333333333,63.9166666666667
"LZ30",2013,513905.840445047,2963955.39875457,15.2916666666667,23.575,103.916666666667
"LZ30",2014,513905.840445047,2963955.39875457,16.4166666666667,20.7583333333333,110.5
"LZ30",2015,513905.840445047,2963955.39875457,18.6666666666667,29.9,121
"LZ30",2016,513905.840445047,2963955.39875457,17.8333333333333,22.8916666666667,103.083333333333
"LZ30",2017,513905.840445047,2963955.39875457,25.75,33.725,171.333333333333
"LZ30",2018,513905.840445047,2963955.39875457,57.0833333333333,74.025,204.583333333333
"LZ30",2019,513905.840445047,2963955.39875457,34.5833333333333,38.8166666666667,164.833333333333
"LZ30",2020,513905.840445047,2963955.39875457,13.625,20.6583333333333,109.166666666667
"LZ40",1990,520952.596073487,2975577.34438054,NA,68.9289682539683,178.503174603175
"LZ40",1994,520952.596073487,2975577.34438054,40.6935483870968,46.672972972973,164.474965501241
"LZ40",1995,520952.596073487,2975577.34438054,20,20.1433333333333,127.579670143542
"LZ40",1996,520952.596073487,2975577.34438054,9.5,NA,89.9991987179487
"LZ40",1997,520952.596073487,2975577.34438054,57,61.9142857142857,175.571428571429
"LZ40",1998,520952.596073487,2975577.34438054,39.3529411764706,49.4411764705882,153.4375
"LZ40",1999,520952.596073487,2975577.34438054,29.0555555555556,37.6644444444444,130.333333333333
"LZ40",2000,520952.596073487,2975577.34438054,38.9375,48.98125,149.5625
"LZ40",2001,520952.596073487,2975577.34438054,43.9333333333333,58.3333333333333,156.2
"LZ40",2002,520952.596073487,2975577.34438054,28.3071428571429,39.7642857142857,131.642857142857
"LZ40",2003,520952.596073487,2975577.34438054,45.5166666666667,51.6511111111111,169.555555555556
"LZ40",2004,520952.596073487,2975577.34438054,30.8833333333333,40.1208333333333,142.833333333333
"LZ40",2005,520952.596073487,2975577.34438054,92.3636363636364,110.072727272727,252.454545454545
"LZ40",2006,520952.596073487,2975577.34438054,68.9166666666667,84.6333333333333,334.166666666667
"LZ40",2007,520952.596073487,2975577.34438054,46.0833333333333,73.4583333333333,194.833333333333
"LZ40",2008,520952.596073487,2975577.34438054,62,83.0333333333333,174.777777777778
"LZ40",2009,520952.596073487,2975577.34438054,53.4166666666667,66.3,174.666666666667
"LZ40",2010,520952.596073487,2975577.34438054,31.4545454545455,42.5818181818182,143.363636363636
"LZ40",2011,520952.596073487,2975577.34438054,33.0909090909091,44.7909090909091,141
"LZ40",2012,520952.596073487,2975577.34438054,30.75,38.5833333333333,120.333333333333
"LZ40",2013,520952.596073487,2975577.34438054,38.3333333333333,56.3916666666667,158.583333333333
"LZ40",2014,520952.596073487,2975577.34438054,23.4166666666667,37.5,135.25
"LZ40",2015,520952.596073487,2975577.34438054,40.25,59.5416666666667,175.333333333333
"LZ40",2016,520952.596073487,2975577.34438054,37,52.7083333333333,160.833333333333
"LZ40",2017,520952.596073487,2975577.34438054,47.25,65.1,182.166666666667
"LZ40",2018,520952.596073487,2975577.34438054,49.4166666666667,83.55,213.5
"LZ40",2019,520952.596073487,2975577.34438054,28.3333333333333,43.9916666666667,163.25
"LZ40",2020,520952.596073487,2975577.34438054,46.3846153846154,67.7461538461538,176.846153846154
"MBOXSOU",1996,494053.015093948,2977735.53294488,1.5,0.534,9.5
"MBOXSOU",1997,494053.015093948,2977735.53294488,3.3125,0.7082875,15
"MBOXSOU",1998,494053.015093948,2977735.53294488,2.125,1.240875,33.0285714285714
"MBOXSOU",1999,494053.015093948,2977735.53294488,2.65,1.4434,25.7777777777778
"MBOXSOU",2000,494053.015093948,2977735.53294488,2.5,2.1025,29.125
"MBOXSOU",2001,494053.015093948,2977735.53294488,1.5,1.19,22
"MBOXSOU",2002,494053.015093948,2977735.53294488,3.5,3.32283333333333,288.166666666667
"MBOXSOU",2003,494053.015093948,2977735.53294488,5.4,2.466125,36.75
"MBOXSOU",2004,494053.015093948,2977735.53294488,1.5,1.58833333333333,20.75
"MBOXSOU",2005,494053.015093948,2977735.53294488,2.33333333333333,2.56666666666667,60.2222222222222
"MBOXSOU",2006,494053.015093948,2977735.53294488,5.45833333333333,4.56666666666667,162.916666666667
"MBOXSOU",2007,494053.015093948,2977735.53294488,9,4.2,237
"MBOXSOU",2009,494053.015093948,2977735.53294488,4.66666666666667,2.86666666666667,272.833333333333
"MBOXSOU",2010,494053.015093948,2977735.53294488,9.71428571428571,5.38571428571429,104.857142857143
"MBOXSOU",2011,494053.015093948,2977735.53294488,3.21428571428571,2.94285714285714,34.1428571428571
"MBOXSOU",2012,494053.015093948,2977735.53294488,23.6666666666667,7.63333333333333,676.333333333333
"MBOXSOU",2013,494053.015093948,2977735.53294488,8.71428571428571,9.3,169.571428571429
"MBOXSOU",2014,494053.015093948,2977735.53294488,2.75,3.425,34
"MBOXSOU",2015,494053.015093948,2977735.53294488,2.25,2.66666666666667,26.8333333333333
"MBOXSOU",2016,494053.015093948,2977735.53294488,3,3.6,29.5
"MBOXSOU",2017,494053.015093948,2977735.53294488,2.61111111111111,2.36666666666667,18.3333333333333
"MBOXSOU",2018,494053.015093948,2977735.53294488,4,4.025,131
"MH16000",1996,495963.534078994,2971689.07365596,1.5,0.5495,9.75
"MH16000",1997,495963.534078994,2971689.07365596,2.375,0.859875,9.0625
"MH16000",1998,495963.534078994,2971689.07365596,1.71428571428571,1.24142857142857,10.5571428571429
"MH16000",1999,495963.534078994,2971689.07365596,2.25,0.8791,10.3333333333333
"MH16000",2000,495963.534078994,2971689.07365596,2.75,0.878875,14.25
"MH16000",2001,495963.534078994,2971689.07365596,10,3.67,23
"MH16000",2002,495963.534078994,2971689.07365596,6.9,2.31625,26
"MH16000",2003,495963.534078994,2971689.07365596,2.51428571428571,0.828142857142857,11.4
"MH16000",2004,495963.534078994,2971689.07365596,1.5,0.884083333333333,9.16666666666667
"MH16000",2005,495963.534078994,2971689.07365596,2.38888888888889,1.02222222222222,15.7777777777778
"MH16000",2006,495963.534078994,2971689.07365596,2.04166666666667,1.23333333333333,13.25
"MH16000",2009,495963.534078994,2971689.07365596,1.5,1.8,18
"MH16000",2010,495963.534078994,2971689.07365596,10.25,4,78
"MH16000",2011,495963.534078994,2971689.07365596,14,3.93333333333333,46
"MH16000",2013,495963.534078994,2971689.07365596,6.5,3.3,64.4
"MH16000",2014,495963.534078994,2971689.07365596,3.125,3.05,19
"MH16000",2015,495963.534078994,2971689.07365596,2.125,1.95,13.5
"MH16000",2016,495963.534078994,2971689.07365596,4.8,2.16,21.6
"MH16000",2017,495963.534078994,2971689.07365596,2.1,1.78,11.4
"MH16000",2018,495963.534078994,2971689.07365596,2.375,1.475,18.75
"MH24000",1996,498132.285781077,2972861.94514744,3,1.2135,34
"MH24000",1997,498132.285781077,2972861.94514744,9.33333333333333,0.809222222222222,13.25
"MH24000",1998,498132.285781077,2972861.94514744,1.875,1.02725,10.9142857142857
"MH24000",1999,498132.285781077,2972861.94514744,2.27272727272727,0.965909090909091,11.2727272727273
"MH24000",2000,498132.285781077,2972861.94514744,4.44444444444444,1.27033333333333,17.75
"MH24000",2001,498132.285781077,2972861.94514744,5,2.22,17
"MH24000",2002,498132.285781077,2972861.94514744,1.11666666666667,0.707833333333333,18
"MH24000",2003,498132.285781077,2972861.94514744,4.22222222222222,0.912888888888889,16
"MH24000",2004,498132.285781077,2972861.94514744,1.5,0.835666666666667,10.0833333333333
"MH24000",2005,498132.285781077,2972861.94514744,1.94444444444444,1.23333333333333,22
"MH24000",2006,498132.285781077,2972861.94514744,2.54166666666667,1.95833333333333,45.5833333333333
"MH24000",2009,498132.285781077,2972861.94514744,4.75,3.21666666666667,365.833333333333
"MH24000",2010,498132.285781077,2972861.94514744,7.5625,3.225,50.375
"MH24000",2011,498132.285781077,2972861.94514744,1.5,1.65,24.1666666666667
"MH24000",2012,498132.285781077,2972861.94514744,5.66666666666667,3.56666666666667,55
"MH24000",2013,498132.285781077,2972861.94514744,3.71428571428571,2.15714285714286,34.7142857142857
"MH24000",2014,498132.285781077,2972861.94514744,3.21428571428571,2.35714285714286,18.8571428571429
"MH24000",2015,498132.285781077,2972861.94514744,1.5,2.25,17.8333333333333
"MH24000",2016,498132.285781077,2972861.94514744,1.5,1.64,14.6
"MH24000",2017,498132.285781077,2972861.94514744,1.66666666666667,1.88333333333333,14.1666666666667
"MH24000",2018,498132.285781077,2972861.94514744,2.5,1.35,20
"MH32000",1996,500218.755123783,2974022.63757544,2.125,1.03475,19.3333333333333
"MH32000",1997,500218.755123783,2974022.63757544,3.15,1.2935,17.7777777777778
"MH32000",1998,500218.755123783,2974022.63757544,2.55,1.6639,26.7
"MH32000",1999,500218.755123783,2974022.63757544,2.40909090909091,1.16545454545455,23.1818181818182
"MH32000",2000,500218.755123783,2974022.63757544,2.45,0.8776,21.6666666666667
"MH32000",2001,500218.755123783,2974022.63757544,1.5,0.794,19
"MH32000",2002,500218.755123783,2974022.63757544,1.65714285714286,2.12142857142857,185.428571428571
"MH32000",2003,500218.755123783,2974022.63757544,2.71,2.2315,40.7
"MH32000",2004,500218.755123783,2974022.63757544,1.5,1.07008333333333,19.6666666666667
"MH32000",2005,500218.755123783,2974022.63757544,5,2.7,45
"MH32000",2006,500218.755123783,2974022.63757544,4.29166666666667,5.89166666666667,134.166666666667
"MH32000",2007,500218.755123783,2974022.63757544,13,3.3,82
"MH32000",2009,500218.755123783,2974022.63757544,3,2.53333333333333,321.333333333333
"MH32000",2010,500218.755123783,2974022.63757544,4.0625,3.05,38.375
"MH32000",2011,500218.755123783,2974022.63757544,2.07142857142857,2.9,30.7142857142857
"MH32000",2012,500218.755123783,2974022.63757544,1.5,1.5,58.5
"MH32000",2013,500218.755123783,2974022.63757544,2.9375,2.6625,25.25
"MH32000",2014,500218.755123783,2974022.63757544,1.85714285714286,1.71428571428571,24.2857142857143
"MH32000",2015,500218.755123783,2974022.63757544,1.5,1.9,22.5
"MH32000",2016,500218.755123783,2974022.63757544,1.5,2.15,24.5
"MH32000",2017,500218.755123783,2974022.63757544,1.5,2.88333333333333,19.6666666666667
"MH32000",2018,500218.755123783,2974022.63757544,3.75,4.85,190.5
"PALMOUT",1988,505708.603771428,2967872.05428316,11,6.76296296296296,48.5263157894737
"PALMOUT",1989,505708.603771428,2967872.05428316,NA,13.0041666666667,65.0833333333333
"PALMOUT",1990,505708.603771428,2967872.05428316,NA,3.18571428571429,23.1428571428571
"PALMOUT",1991,505708.603771428,2967872.05428316,6.42857142857143,2.94761904761905,25.7619047619048
"PALMOUT",1992,505708.603771428,2967872.05428316,4.34210526315789,3.33157894736842,23.8947368421053
"PALMOUT",1993,505708.603771428,2967872.05428316,5.26923076923077,3.9,24.2142857142857
"PALMOUT",1994,505708.603771428,2967872.05428316,7.65,6.49,34.7
"PALMOUT",1995,505708.603771428,2967872.05428316,10.3333333333333,9.53333333333333,40.8181818181818
"PALMOUT",1996,505708.603771428,2967872.05428316,11.7777777777778,13.1222222222222,72.4444444444444
"PALMOUT",1997,505708.603771428,2967872.05428316,17.0833333333333,14.725,63
"PALMOUT",1998,505708.603771428,2967872.05428316,18.0833333333333,18.5125,80.4545454545455
"PALMOUT",1999,505708.603771428,2967872.05428316,12.6578947368421,12.45,68.3684210526316
"PALMOUT",2000,505708.603771428,2967872.05428316,17.15625,18.5673333333333,83.4375
"PALMOUT",2001,505708.603771428,2967872.05428316,9.4,9.125,46.9
"PALMOUT",2002,505708.603771428,2967872.05428316,18.275,13.3775,94.375
"PALMOUT",2003,505708.603771428,2967872.05428316,12.75,10.58125,74.9375
"PALMOUT",2004,505708.603771428,2967872.05428316,12.775,10.0183333333333,68.0833333333333
"PALMOUT",2005,505708.603771428,2967872.05428316,51.5454545454545,57.4090909090909,168.909090909091
"PALMOUT",2006,505708.603771428,2967872.05428316,40.8461538461538,53.2846153846154,195.846153846154
"PALMOUT",2007,505708.603771428,2967872.05428316,13.1363636363636,14.7,106.272727272727
"PALMOUT",2008,505708.603771428,2967872.05428316,2.08333333333333,2,21.6666666666667
"PALMOUT",2009,505708.603771428,2967872.05428316,12.95,12.45,95.8
"PALMOUT",2010,505708.603771428,2967872.05428316,8,6.46,36.2727272727273
"PALMOUT",2011,505708.603771428,2967872.05428316,9.83333333333333,9.45,46.6666666666667
"PALMOUT",2012,505708.603771428,2967872.05428316,7.90909090909091,6.35,39.1818181818182
"PALMOUT",2013,505708.603771428,2967872.05428316,9.66666666666667,8.85,56.5833333333333
"PALMOUT",2014,505708.603771428,2967872.05428316,14.0833333333333,11.4166666666667,74
"PALMOUT",2015,505708.603771428,2967872.05428316,19.25,17.0666666666667,92.4166666666667
"PALMOUT",2016,505708.603771428,2967872.05428316,10.5833333333333,11.0833333333333,62.5833333333333
"PALMOUT",2017,505708.603771428,2967872.05428316,18.6666666666667,18.0416666666667,95.75
"PALMOUT",2018,505708.603771428,2967872.05428316,21.6666666666667,29.075,171.666666666667
"PALMOUT",2019,505708.603771428,2967872.05428316,22.75,17.2166666666667,114.75
"PALMOUT",2020,505708.603771428,2967872.05428316,9.58333333333333,8.69166666666667,63.25
"PELBAY3",2000,529001.14513526,2961455.89382989,32.5,NA,NA
"PELBAY3",2001,529001.14513526,2961455.89382989,5.14,NA,NA
"PELBAY3",2002,529001.14513526,2961455.89382989,4.7,NA,NA
"PELBAY3",2003,529001.14513526,2961455.89382989,6.8,NA,NA
"PELBAY3",2005,529001.14513526,2961455.89382989,4,NA,NA
"PELBAY3",2010,529001.14513526,2961455.89382989,17.4166666666667,20.8666666666667,102.5
"PELBAY3",2011,529001.14513526,2961455.89382989,13.9545454545455,14.4545454545455,84.8181818181818
"PELBAY3",2012,529001.14513526,2961455.89382989,4.04166666666667,6.24166666666667,50
"PELBAY3",2013,529001.14513526,2961455.89382989,9.29166666666667,12.3083333333333,89.1666666666667
"PELBAY3",2014,529001.14513526,2961455.89382989,10.4230769230769,12.3307692307692,88.6153846153846
"PELBAY3",2015,529001.14513526,2961455.89382989,8.5,14.3666666666667,98.9166666666667
"PELBAY3",2016,529001.14513526,2961455.89382989,13.4166666666667,18.9,104.833333333333
"PELBAY3",2017,529001.14513526,2961455.89382989,18.4166666666667,24.625,124.833333333333
"PELBAY3",2018,529001.14513526,2961455.89382989,34.2272727272727,63.31,194.6
"PELBAY3",2019,529001.14513526,2961455.89382989,27.3636363636364,30.6909090909091,149.818181818182
"PELBAY3",2020,529001.14513526,2961455.89382989,7.45833333333333,15.9583333333333,102.833333333333
"PELMID",1988,529002.431861783,2960641.92502031,0.5,10.6357142857143,83.7894736842105
"PELMID",1989,529002.431861783,2960641.92502031,9.73333333333333,14.3157894736842,99.8947368421053
"PELMID",1990,529002.431861783,2960641.92502031,13.8928571428571,12.9777777777778,72.5882352941177
"PELMID",1991,529002.431861783,2960641.92502031,16,9.48,59.6190476190476
"PELMID",1992,529002.431861783,2960641.92502031,6.75,7.97222222222222,73.6111111111111
"PELMID",1993,529002.431861783,2960641.92502031,12.1111111111111,13.9166666666667,68.5555555555556
"PELMID",1994,529002.431861783,2960641.92502031,17.4210526315789,60.9526315789474,86.75
"PELMID",1995,529002.431861783,2960641.92502031,8.76470588235294,10.7117647058824,74
"PELMID",1996,529002.431861783,2960641.92502031,14.4411764705882,19.9823529411765,93.7058823529412
"PELMID",1997,529002.431861783,2960641.92502031,17.1875,16.43,85.3125
"PELMID",1998,529002.431861783,2960641.92502031,9.67647058823529,14.8047058823529,94.8266666666667
"PELMID",1999,529002.431861783,2960641.92502031,11.3055555555556,13.5444444444444,82.3333333333333
"PELMID",2000,529002.431861783,2960641.92502031,12.3125,18.1393333333333,117.25
"PELMID",2001,529002.431861783,2960641.92502031,12.1,12.8661538461538,62.7692307692308
"PELMID",2002,529002.431861783,2960641.92502031,9.225,11.14625,94.375
"PELMID",2003,529002.431861783,2960641.92502031,11.65,12.995625,91.5
"PELMID",2004,529002.431861783,2960641.92502031,11.03,12.384,86.4
"PELMID",2005,529002.431861783,2960641.92502031,48.5909090909091,59.9909090909091,171.545454545455
"PELMID",2006,529002.431861783,2960641.92502031,51.1666666666667,63.2416666666667,217.083333333333
"PELMID",2007,529002.431861783,2960641.92502031,7.45833333333333,15.65,100.666666666667
"PELMID",2008,529002.431861783,2960641.92502031,6.1,6.4,33.8
"PELMID",2009,529002.431861783,2960641.92502031,16.5,17.875,124.75
"PELMID",2010,529002.431861783,2960641.92502031,4.7,5.14,48
"POLE3S",1995,515904.059420927,2956945.27592408,10.5,9.056,53.7333333333333
"POLE3S",1996,515904.059420927,2956945.27592408,16.8823529411765,19.7088235294118,88.5294117647059
"POLE3S",1997,515904.059420927,2956945.27592408,19.1875,15.90125,72.375
"POLE3S",1998,515904.059420927,2956945.27592408,13.2941176470588,15.8788235294118,76.05
"POLE3S",1999,515904.059420927,2956945.27592408,10.9210526315789,12.8278947368421,73
"POLE3S",2000,515904.059420927,2956945.27592408,15.0625,19.8653333333333,95.0625
"POLE3S",2001,515904.059420927,2956945.27592408,3.64666666666667,5.88953333333333,35.8
"POLE3S",2002,515904.059420927,2956945.27592408,17,13.985,92.5
"POLE3S",2003,515904.059420927,2956945.27592408,10.1222222222222,9.24722222222222,60.5555555555556
"POLE3S",2004,515904.059420927,2956945.27592408,16.6181818181818,15.1718181818182,84.7272727272727
"POLE3S",2005,515904.059420927,2956945.27592408,51.9090909090909,62.1272727272727,173.272727272727
"POLE3S",2006,515904.059420927,2956945.27592408,52.4615384615385,57.0076923076923,209.923076923077
"POLE3S",2007,515904.059420927,2956945.27592408,16.2916666666667,23.3916666666667,108
"POLE3S",2008,515904.059420927,2956945.27592408,8,6.8,27.2
"POLE3S",2009,515904.059420927,2956945.27592408,18.8571428571429,21.6857142857143,115.571428571429
"POLE3S",2010,515904.059420927,2956945.27592408,12.1363636363636,11.4,53.8181818181818
"POLE3S",2011,515904.059420927,2956945.27592408,21.1363636363636,18.5363636363636,80.7272727272727
"POLE3S",2012,515904.059420927,2956945.27592408,8.91666666666667,7.7,46.5
"POLE3S",2013,515904.059420927,2956945.27592408,11.7916666666667,10.4166666666667,61.9166666666667
"POLE3S",2014,515904.059420927,2956945.27592408,15.8076923076923,13.8769230769231,76.5384615384615
"POLE3S",2015,515904.059420927,2956945.27592408,13.25,13.2666666666667,86.8333333333333
"POLE3S",2016,515904.059420927,2956945.27592408,12.1666666666667,13.9,72.5
"POLE3S",2017,515904.059420927,2956945.27592408,16.5833333333333,18.0833333333333,98.9166666666667
"POLE3S",2018,515904.059420927,2956945.27592408,48.2272727272727,41.3636363636364,175.272727272727
"POLE3S",2019,515904.059420927,2956945.27592408,28.1666666666667,22.9416666666667,127.25
"POLE3S",2020,515904.059420927,2956945.27592408,12.7083333333333,14.6833333333333,88.3333333333333
"POLESOUT",1989,508079.546941428,2990668.10924283,NA,5.4,57.1578947368421
"POLESOUT",1990,508079.546941428,2990668.10924283,NA,7.58636363636364,50.5454545454545
"POLESOUT",1991,508079.546941428,2990668.10924283,11.7,5.96111111111111,46.8888888888889
"POLESOUT",1992,508079.546941428,2990668.10924283,7.03571428571429,5.11428571428571,51.4285714285714
"POLESOUT",1993,508079.546941428,2990668.10924283,4.875,5.23333333333333,46.8333333333333
"POLESOUT",1994,508079.546941428,2990668.10924283,10.9545454545455,9.52727272727273,59.3
"POLESOUT",1995,508079.546941428,2990668.10924283,10.3076923076923,7.73846153846154,55.0769230769231
"POLESOUT",1996,508079.546941428,2990668.10924283,10.7916666666667,11.5091666666667,85.6666666666667
"POLESOUT",1997,508079.546941428,2990668.10924283,13.3214285714286,10.1521428571429,61.5
"POLESOUT",1998,508079.546941428,2990668.10924283,11.7692307692308,13.8276923076923,90.4923076923077
"POLESOUT",1999,508079.546941428,2990668.10924283,19,15.3827777777778,89.1111111111111
"POLESOUT",2000,508079.546941428,2990668.10924283,19.5,17.16875,100.6875
"POLESOUT",2001,508079.546941428,2990668.10924283,17.5818181818182,15.0354545454545,71.2727272727273
"POLESOUT",2002,508079.546941428,2990668.10924283,10.25,9.455,88.25
"POLESOUT",2003,508079.546941428,2990668.10924283,10.4388888888889,8.08888888888889,79.3333333333333
"POLESOUT",2004,508079.546941428,2990668.10924283,8.99090909090909,7.53363636363636,72.6363636363636
"POLESOUT",2005,508079.546941428,2990668.10924283,41.2727272727273,45.5090909090909,173.181818181818
"POLESOUT",2006,508079.546941428,2990668.10924283,38.25,50.0083333333333,185.416666666667
"POLESOUT",2007,508079.546941428,2990668.10924283,19.8333333333333,19.4833333333333,135.083333333333
"POLESOUT",2008,508079.546941428,2990668.10924283,9.07142857142857,6.22857142857143,47.1428571428571
"POLESOUT",2009,508079.546941428,2990668.10924283,20.6,20.6,140.2
"POLESOUT",2010,508079.546941428,2990668.10924283,12.15,13.62,90.9
"POLESOUT",2011,508079.546941428,2990668.10924283,12,11.9090909090909,62.8181818181818
"POLESOUT",2012,508079.546941428,2990668.10924283,11.4166666666667,10.5583333333333,60.4166666666667
"POLESOUT",2013,508079.546941428,2990668.10924283,11,10.7333333333333,81.5
"POLESOUT",2014,508079.546941428,2990668.10924283,11,10.8583333333333,76.8333333333333
"POLESOUT",2015,508079.546941428,2990668.10924283,14.8333333333333,13.1,86.4166666666667
"POLESOUT",2016,508079.546941428,2990668.10924283,11.0909090909091,11.1272727272727,72.6363636363636
"POLESOUT",2017,508079.546941428,2990668.10924283,14.3333333333333,11.3833333333333,87.0833333333333
"POLESOUT",2018,508079.546941428,2990668.10924283,22,28.475,155.333333333333
"POLESOUT",2019,508079.546941428,2990668.10924283,16.9166666666667,13.925,88.25
"POLESOUT",2020,508079.546941428,2990668.10924283,17,10.0153846153846,71.6153846153846
"RITTAE2",2000,520873.859414182,2956456.15148779,46,NA,NA
"RITTAE2",2001,520873.859414182,2956456.15148779,1.66,NA,NA
"RITTAE2",2002,520873.859414182,2956456.15148779,9.28,NA,NA
"RITTAE2",2003,520873.859414182,2956456.15148779,9.76666666666667,NA,NA
"RITTAE2",2004,520873.859414182,2956456.15148779,11.85,NA,NA
"RITTAE2",2005,520873.859414182,2956456.15148779,24.75,NA,NA
"RITTAE2",2006,520873.859414182,2956456.15148779,35.4,NA,NA
"RITTAE2",2007,520873.859414182,2956456.15148779,3.75,NA,96.5
"RITTAE2",2010,520873.859414182,2956456.15148779,18.8333333333333,14.1666666666667,74.5
"RITTAE2",2011,520873.859414182,2956456.15148779,15.8181818181818,12.1909090909091,59.4545454545455
"RITTAE2",2012,520873.859414182,2956456.15148779,6.29166666666667,5.18333333333333,32.8333333333333
"RITTAE2",2013,520873.859414182,2956456.15148779,10.5833333333333,8.64166666666667,52.9166666666667
"RITTAE2",2014,520873.859414182,2956456.15148779,14.5,12.5923076923077,68.1538461538462
"RITTAE2",2015,520873.859414182,2956456.15148779,11.6666666666667,12.0583333333333,78.1666666666667
"RITTAE2",2016,520873.859414182,2956456.15148779,13.625,13.6833333333333,72.9166666666667
"RITTAE2",2017,520873.859414182,2956456.15148779,18.7272727272727,19.4363636363636,98
"RITTAE2",2018,520873.859414182,2956456.15148779,23.3,44.7111111111111,156.1
"RITTAE2",2019,520873.859414182,2956456.15148779,27.25,22.1416666666667,122.416666666667
"RITTAE2",2020,520873.859414182,2956456.15148779,10.5416666666667,10.0083333333333,69.5
"TIN13700",1996,510707.486819089,2994642.62341114,1.875,1.3195,18.5
"TIN13700",1997,510707.486819089,2994642.62341114,5.05,2.0009,24.3
"TIN13700",1998,510707.486819089,2994642.62341114,14.1,7.962,92.4
"TIN13700",1999,510707.486819089,2994642.62341114,11.5454545454545,8.60090909090909,75.3636363636364
"TIN13700",2000,510707.486819089,2994642.62341114,17.2222222222222,13.9244444444444,94.3333333333333
"TIN13700",2001,510707.486819089,2994642.62341114,4,2.85,64
"TIN13700",2002,510707.486819089,2994642.62341114,3.78571428571429,1.641,57.1428571428571
"TIN13700",2003,510707.486819089,2994642.62341114,1.97,1.4288,31.7
"TIN13700",2004,510707.486819089,2994642.62341114,1.79166666666667,0.80425,21.25
"TIN13700",2005,510707.486819089,2994642.62341114,5.15384615384615,2.12307692307692,61.6153846153846
"TIN13700",2006,510707.486819089,2994642.62341114,9.875,9.44166666666667,121.166666666667
"TIN13700",2007,510707.486819089,2994642.62341114,22.6666666666667,15.6833333333333,226.166666666667
"TIN13700",2009,510707.486819089,2994642.62341114,6.41666666666667,9.31666666666667,424.166666666667
"TIN13700",2010,510707.486819089,2994642.62341114,4.2,2.93,66.8
"TIN13700",2011,510707.486819089,2994642.62341114,2.85714285714286,2.84285714285714,31.4285714285714
"TIN13700",2012,510707.486819089,2994642.62341114,13.75,4.075,476.75
"TIN13700",2013,510707.486819089,2994642.62341114,3.375,2.6375,99.375
"TIN13700",2014,510707.486819089,2994642.62341114,1.83333333333333,1.75833333333333,37.5
"TIN13700",2015,510707.486819089,2994642.62341114,2.95,1.79,26.2
"TIN13700",2016,510707.486819089,2994642.62341114,1.9375,1.6875,21.625
"TIN13700",2017,510707.486819089,2994642.62341114,1.75,1.96,21.1
"TIN13700",2018,510707.486819089,2994642.62341114,4.2,2.6,71.8
"TIN13700",2019,510707.486819089,2994642.62341114,7.33333333333333,4.16666666666667,60
"TIN13700",2020,510707.486819089,2994642.62341114,20,2.06666666666667,57
"TIN16100",1996,511240.217478093,2993949.33101521,9.75,12.15,99.5
"TIN16100",1997,511240.217478093,2993949.33101521,25,15.2772727272727,86.3333333333333
"TIN16100",1998,511240.217478093,2993949.33101521,14.7222222222222,9.71333333333333,77.975
"TIN16100",1999,511240.217478093,2993949.33101521,18.3333333333333,15.6866666666667,100.888888888889
"TIN16100",2000,511240.217478093,2993949.33101521,17.625,14.98125,109.125
"TIN16100",2001,511240.217478093,2993949.33101521,30.24,17.526,87.8
"TIN16100",2002,511240.217478093,2993949.33101521,2.4,1.77128571428571,25.1428571428571
"TIN16100",2003,511240.217478093,2993949.33101521,2.08888888888889,1.341,24.7777777777778
"TIN16100",2004,511240.217478093,2993949.33101521,2.75,1.71691666666667,28.25
"TIN16100",2005,511240.217478093,2993949.33101521,27,25,128.583333333333
"TIN16100",2006,511240.217478093,2993949.33101521,47.7,50.44,206.4
"TIN16100",2007,511240.217478093,2993949.33101521,23.6666666666667,21.0555555555556,138.333333333333
"TIN16100",2009,511240.217478093,2993949.33101521,6.33333333333333,4.81666666666667,168.833333333333
"TIN16100",2010,511240.217478093,2993949.33101521,8.05,2.47,33.8
"TIN16100",2011,511240.217478093,2993949.33101521,2.08333333333333,2.03333333333333,24.5
"TIN16100",2012,511240.217478093,2993949.33101521,17.875,3.7,112.25
"TIN16100",2013,511240.217478093,2993949.33101521,1.8125,2.1375,37.125
"TIN16100",2014,511240.217478093,2993949.33101521,2.58333333333333,2.475,41.75
"TIN16100",2015,511240.217478093,2993949.33101521,1.5,1.44545454545455,23.4545454545455
"TIN16100",2016,511240.217478093,2993949.33101521,1.5,2.13333333333333,27.5555555555556
"TIN16100",2017,511240.217478093,2993949.33101521,2.55,2.35,35.2222222222222
"TIN16100",2018,511240.217478093,2993949.33101521,5,4.34,76.4
"TIN16100",2019,511240.217478093,2993949.33101521,9.33333333333333,5.7,59.3333333333333
"TIN16100",2020,511240.217478093,2993949.33101521,2.1,1.125,31
"TREEOUT",1988,503643.845148434,2975662.71335756,5,7.71111111111111,66.8421052631579
"TREEOUT",1989,503643.845148434,2975662.71335756,NA,10.1625,64.1666666666667
"TREEOUT",1990,503643.845148434,2975662.71335756,2.9,3.92380952380952,31.1818181818182
"TREEOUT",1991,503643.845148434,2975662.71335756,6.5,2.98095238095238,26.4285714285714
"TREEOUT",1992,503643.845148434,2975662.71335756,5.08823529411765,3.84705882352941,31.5294117647059
"TREEOUT",1993,503643.845148434,2975662.71335756,4.04166666666667,3.64615384615385,35.3846153846154
"TREEOUT",1994,503643.845148434,2975662.71335756,8.27272727272727,7.35454545454545,44.3636363636364
"TREEOUT",1995,503643.845148434,2975662.71335756,11.8888888888889,13.5555555555556,53.5555555555556
"TREEOUT",1996,503643.845148434,2975662.71335756,14.3,14.885,76.8
"TREEOUT",1997,503643.845148434,2975662.71335756,16.75,12.75,56.4545454545455
"TREEOUT",1998,503643.845148434,2975662.71335756,23,26.2591666666667,98.4545454545455
"TREEOUT",1999,503643.845148434,2975662.71335756,17.1052631578947,15.3842105263158,78.3684210526316
"TREEOUT",2000,503643.845148434,2975662.71335756,20.6333333333333,23.0771428571429,93.0666666666667
"TREEOUT",2001,503643.845148434,2975662.71335756,11.3846153846154,9.13769230769231,49.3076923076923
"TREEOUT",2002,503643.845148434,2975662.71335756,19.925,15.1525,93.625
"TREEOUT",2003,503643.845148434,2975662.71335756,13.9823529411765,11.3625,76.7058823529412
"TREEOUT",2004,503643.845148434,2975662.71335756,13.875,12.615,77.8333333333333
"TREEOUT",2005,503643.845148434,2975662.71335756,58.2727272727273,60.0818181818182,165.909090909091
"TREEOUT",2006,503643.845148434,2975662.71335756,42,54.6923076923077,205.083333333333
"TREEOUT",2007,503643.845148434,2975662.71335756,22.5416666666667,22.9,132.416666666667
"TREEOUT",2008,503643.845148434,2975662.71335756,11.7222222222222,8.75555555555556,47.5555555555556
"TREEOUT",2009,503643.845148434,2975662.71335756,16.5416666666667,17.475,102.416666666667
"TREEOUT",2010,503643.845148434,2975662.71335756,10.2727272727273,11.81,54.7272727272727
"TREEOUT",2011,503643.845148434,2975662.71335756,13.6666666666667,12.775,55.3333333333333
"TREEOUT",2012,503643.845148434,2975662.71335756,6.20833333333333,5.625,29.8333333333333
"TREEOUT",2013,503643.845148434,2975662.71335756,4.3,3.06,24.2
